Model, Accuracy, F1, Precision, Recall, Loss, Details
PubmedBERT, 0.875, 0.8666666666666666, 0.896551724137931, 0.8387096774193549, 0.34294450283050537, pubtator-publications-only
BioBERT, 0.84375, 0.8387096774193549, 0.8387096774193549, 0.8387096774193549, 0.32379841804504395, pubtator-publications-only
COVIDTwitterBERT, 0.75, 0.7948717948717948, 0.6595744680851063, 1.0, 0.5925613045692444, pubtator-publications-only
PubmedBERT, 0.8125, 0.8378378378378378, 0.7560975609756098, 0.9393939393939394, 0.5759665369987488, all-pokay
BioBERT, 0.828125, 0.8405797101449276, 0.8055555555555556, 0.8787878787878788, 0.5576477646827698, all-pokay
COVIDTwitterBERT, 0.765625, 0.8, 0.7142857142857143, 0.9090909090909091, 0.6394320130348206, all-pokay
