Model, Accuracy, F1, Precision, Recall, Loss
PubmedBERT, 0.875, 0.8666666666666666, 0.896551724137931, 0.8387096774193549, 0.34294450283050537
BioBERT, 0.84375, 0.8387096774193549, 0.8387096774193549, 0.8387096774193549, 0.32379841804504395
COVIDTwitterBERT, 0.75, 0.7948717948717948, 0.6595744680851063, 1.0, 0.5925613045692444